PhoneName,Price,RAM_ROM,Display,Battery,Processor,Stars,Ratings Count,Reviews Count
"realme P1 5G (Phoenix Red, 128 GB)","₹15,999",6 GB RAM | 128 GB ROM | Expandable Upto 2 TB,16.94 cm (6.67 inch) Full HD+ Display,5000 mAh Battery,Dimensity 7050 Processor,4.4,583,76
"vivo T3x 5G (Crimson Bliss, 128 GB)","₹14,999",6 GB RAM | 128 GB ROM | Expandable Upto 1 TB,17.07 cm (6.72 inch) Full HD+ Display,6000 mAh Battery,6 Gen 1 Processor,4.4,583,76
"Motorola G34 5G (Ocean Green, 128 GB)","₹11,999",8 GB RAM | 128 GB ROM,16.51 cm (6.5 inch) HD+ Display,5000 mAh Battery,Snapdragon 695 5G Processor,4.4,583,76
"Motorola G34 5G (Charcoal Black, 128 GB)","₹11,999",8 GB RAM | 128 GB ROM,16.51 cm (6.5 inch) HD+ Display,5000 mAh Battery,Snapdragon 695 5G Processor,4.4,583,76
"Motorola G34 5G (Ice Blue, 128 GB)","₹11,999",8 GB RAM | 128 GB ROM,16.51 cm (6.5 inch) HD+ Display,5000 mAh Battery,Snapdragon 695 5G Processor,4.4,583,76
"POCO C51 - Locked with Airtel Prepaid (Power Black, 64 GB)","₹4,999",4 GB RAM | 64 GB ROM | Expandable Upto 1 TB,16.56 cm (6.52 inch) HD+ Display,5000 mAh Battery,Helio G36 Processor,4.4,583,76
"realme P1 Pro 5G (Phoenix Red, 256 GB)","₹22,999",8 GB RAM | 256 GB ROM,17.02 cm (6.7 inch) Full HD+ Display,5000 mAh Battery,6 Gen 1 Processor,4.4,583,76
"Nothing Phone (2a) 5G (White, 128 GB)","₹23,999",8 GB RAM | 128 GB ROM,17.02 cm (6.7 inch) Full HD+ Display,5000 mAh Battery,Dimensity 7200 Pro Processor,4.4,583,76
"Apple iPhone 15 (Black, 128 GB)","₹65,999",128 GB ROM,15.49 cm (6.1 inch) Super Retina XDR Display,"A16 Bionic Chip, 6 Core Processor Processor",1 Year Warranty for Phone and 6 Months Warranty for In-Box Accessories,4.4,583,76
"POCO M6 Pro 5G (Forest Green, 128 GB)","₹10,999",6 GB RAM | 128 GB ROM | Expandable Upto 1 TB,17.25 cm (6.79 inch) Full HD+ Display,5000 mAh Battery,Snapdragon 4 Gen 2 Processor,4.4,583,76
"MOTOROLA g24 Power (Ink blue, 128 GB)","₹7,999",4 GB RAM | 128 GB ROM | Expandable Upto 1 TB,16.76 cm (6.6 inch) HD+ Display,6000 mAh Battery,Helio G85 Processor,4.4,583,76
"REDMI 13C (Starshine Green, 128 GB)","₹7,699",4 GB RAM | 128 GB ROM | Expandable Upto 1 TB,17.12 cm (6.74 inch) HD+ Display,5000 mAh Battery,Helio G85 Processor,4.4,583,76
"Motorola Edge 40 Neo (Caneel Bay, 256 GB)","₹24,999",12 GB RAM | 256 GB ROM,16.64 cm (6.55 inch) Full HD+ Display,5000 mAh Battery,Dimensity 7030 Processor,4.4,583,76
"MOTOROLA g24 Power (Glacier Blue, 128 GB)","₹8,999",8 GB RAM | 128 GB ROM | Expandable Upto 1 TB,16.76 cm (6.6 inch) HD+ Display,6000 mAh Battery,Helio G85 Processor,4.4,583,76
"MOTOROLA g24 Power (Ink blue, 128 GB)","₹8,999",8 GB RAM | 128 GB ROM | Expandable Upto 1 TB,16.76 cm (6.6 inch) HD+ Display,6000 mAh Battery,Helio G85 Processor,4.4,583,76
"REDMI 13C (Stardust Black, 128 GB)","₹7,699",4 GB RAM | 128 GB ROM | Expandable Upto 1 TB,17.12 cm (6.74 inch) HD+ Display,5000 mAh Battery,Helio G85 Processor,4.4,583,76
"MOTOROLA G04 (Sea Green, 128 GB)","₹7,999",8 GB RAM | 128 GB ROM | Expandable Upto 1 TB,16.76 cm (6.6 inch) HD+ Display,5000 mAh Battery,Unisoc T606 Processor,4.4,583,76
"Motorola Edge 40 Neo (Soothing Sea, 256 GB)","₹24,999",12 GB RAM | 256 GB ROM,16.64 cm (6.55 inch) Full HD+ Display,5000 mAh Battery,Dimensity 7030 Processor,4.4,583,76
"Motorola G34 5G (Ocean Green, 128 GB)","₹10,999",4 GB RAM | 128 GB ROM,16.51 cm (6.5 inch) HD+ Display,5000 mAh Battery,Snapdragon 695 5G Processor,4.4,583,76
"POCO C65 (Pastel Blue, 128 GB)","₹7,999",6 GB RAM | 128 GB ROM | Expandable Upto 1 TB,17.12 cm (6.74 inch) HD+ Display,5000 mAh Battery,Helio G85 Processor,4.4,583,76
"REDMI 13C (Starfrost White, 128 GB)","₹7,699",4 GB RAM | 128 GB ROM | Expandable Upto 1 TB,17.12 cm (6.74 inch) HD+ Display,5000 mAh Battery,Helio G85 Processor,4.4,583,76
"POCO M6 Pro 5G (Power Black, 128 GB)","₹10,999",6 GB RAM | 128 GB ROM | Expandable Upto 1 TB,17.25 cm (6.79 inch) Full HD+ Display,5000 mAh Battery,Snapdragon 4 Gen 2 Processor,4.4,583,76
"Motorola Edge 40 Neo (Black Beauty, 256 GB)","₹24,999",12 GB RAM | 256 GB ROM,16.64 cm (6.55 inch) Full HD+ Display,5000 mAh Battery,Dimensity 7030 Processor,4.4,583,76
"MOTOROLA G04 (Satin Blue, 64 GB)","₹6,999",4 GB RAM | 64 GB ROM | Expandable Upto 1 TB,16.76 cm (6.6 inch) HD+ Display,5000 mAh Battery,Unisoc T606 Processor,4.4,583,76
"Motorola G34 5G (Ocean Green, 128 GB)","₹10,999",4 GB RAM | 128 GB ROM,16.51 cm (6.5 inch) HD+ Display,5000 mAh Battery,Snapdragon 695 5G Processor,4.2,"23,082","2,282"
"OnePlus Nord CE 3 Lite 5G (Chromatic Gray, 128 GB)","₹17,475",8 GB RAM | 128 GB ROM,17.07 cm (6.72 inch) Display,5000 mAh Battery,Domestic Warranty of 12 months on phone & 6 months on accessories,4.2,"23,082","2,282"
"realme P1 5G (Phoenix Red, 128 GB)","₹15,999",6 GB RAM | 128 GB ROM | Expandable Upto 2 TB,16.94 cm (6.67 inch) Full HD+ Display,5000 mAh Battery,Dimensity 7050 Processor,4.2,"23,082","2,282"
"vivo T3x 5G (Celestial Green, 128 GB)","₹13,499",4 GB RAM | 128 GB ROM | Expandable Upto 1 TB,17.07 cm (6.72 inch) Full HD+ Display,6000 mAh Battery,6 Gen 1 Processor,4.2,"23,082","2,282"
"MOTOROLA G04 (Satin Blue, 64 GB)","₹6,999",4 GB RAM | 64 GB ROM | Expandable Upto 1 TB,16.76 cm (6.6 inch) HD+ Display,5000 mAh Battery,Unisoc T606 Processor,4.2,"23,082","2,282"
"REDMI 13C (Starfrost White, 128 GB)","₹7,699",4 GB RAM | 128 GB ROM | Expandable Upto 1 TB,17.12 cm (6.74 inch) HD+ Display,5000 mAh Battery,Helio G85 Processor,4.2,"23,082","2,282"
"realme P1 Pro 5G (Phoenix Red, 256 GB)","₹22,999",8 GB RAM | 256 GB ROM,17.02 cm (6.7 inch) Full HD+ Display,5000 mAh Battery,6 Gen 1 Processor,4.2,"23,082","2,282"
"Nothing Phone (2a) 5G (White, 128 GB)","₹23,999",8 GB RAM | 128 GB ROM,17.02 cm (6.7 inch) Full HD+ Display,5000 mAh Battery,Dimensity 7200 Pro Processor,4.2,"23,082","2,282"
"Motorola g84 5G (Marshmallow Blue, 256 GB)","₹17,999",12 GB RAM | 256 GB ROM,16.64 cm (6.55 inch) Full HD+ Display,5000 mAh Battery,Snapdragon 695 Processor,4.2,"23,082","2,282"
"MOTOROLA G04 (Concord Black, 128 GB)","₹7,999",8 GB RAM | 128 GB ROM | Expandable Upto 1 TB,16.76 cm (6.6 inch) HD+ Display,5000 mAh Battery,Unisoc T606 Processor,4.2,"23,082","2,282"
"POCO C65 (Pastel Green, 128 GB)","₹7,999",6 GB RAM | 128 GB ROM | Expandable Upto 1 TB,17.12 cm (6.74 inch) HD+ Display,5000 mAh Battery,Helio G85 Processor,4.2,"23,082","2,282"
"POCO C65 (Pastel Blue, 128 GB)","₹7,299",4 GB RAM | 128 GB ROM | Expandable Upto 1 TB,17.12 cm (6.74 inch) HD+ Display,5000 mAh Battery,Helio G85 Processor,4.2,"23,082","2,282"
"MOTOROLA G04 (Sunrise Orange, 64 GB)","₹6,999",4 GB RAM | 64 GB ROM | Expandable Upto 1 TB,16.76 cm (6.6 inch) HD+ Display,5000 mAh Battery,Unisoc T606 Processor,4.2,"23,082","2,282"
"Motorola Edge 40 Neo (Black Beauty, 256 GB)","₹24,999",12 GB RAM | 256 GB ROM,16.64 cm (6.55 inch) Full HD+ Display,5000 mAh Battery,Dimensity 7030 Processor,4.2,"23,082","2,282"
"vivo T2x 5G (Glimmer Black, 128 GB)","₹14,990",6 GB RAM | 128 GB ROM,16.71 cm (6.58 inch) Full HD+ Display,5000 mAh Battery,Mediatek Dimensity 6020 Processor,4.2,"23,082","2,282"
"REDMI 13C (Stardust Black, 128 GB)","₹8,699",6 GB RAM | 128 GB ROM | Expandable Upto 1 TB,17.12 cm (6.74 inch) HD+ Display,5000 mAh Battery,Helio G85 Processor,4.2,"23,082","2,282"
"POCO C65 (Matte Black, 128 GB)","₹7,999",6 GB RAM | 128 GB ROM | Expandable Upto 1 TB,17.12 cm (6.74 inch) HD+ Display,5000 mAh Battery,Helio G85 Processor,4.2,"23,082","2,282"
"Motorola G34 5G (Charcoal Black, 128 GB)","₹10,999",4 GB RAM | 128 GB ROM,16.51 cm (6.5 inch) HD+ Display,5000 mAh Battery,Snapdragon 695 5G Processor,4.2,"23,082","2,282"
"POCO M6 5G (Orion Blue, 128 GB)","₹10,499",6 GB RAM | 128 GB ROM | Expandable Upto 1 TB,17.12 cm (6.74 inch) HD+ Display,5000 mAh Battery,Mediatek Dimensity 6100+ Processor,4.2,"23,082","2,282"
"MOTOROLA G04 (Satin Blue, 128 GB)","₹7,999",8 GB RAM | 128 GB ROM | Expandable Upto 1 TB,16.76 cm (6.6 inch) HD+ Display,5000 mAh Battery,Unisoc T606 Processor,4.2,"23,082","2,282"
"Motorola G34 5G (Ice Blue, 128 GB)","₹10,999",4 GB RAM | 128 GB ROM,16.51 cm (6.5 inch) HD+ Display,5000 mAh Battery,Snapdragon 695 5G Processor,4.2,"23,082","2,282"
"Motorola g84 5G (Viva Magenta, 256 GB)","₹17,999",12 GB RAM | 256 GB ROM,16.64 cm (6.55 inch) Full HD+ Display,5000 mAh Battery,Snapdragon 695 Processor,4.2,"23,082","2,282"
"POCO M6 Pro 5G (Power Black, 256 GB)","₹12,499",8 GB RAM | 256 GB ROM | Expandable Upto 1 TB,17.25 cm (6.79 inch) Full HD+ Display,5000 mAh Battery,Snapdragon 4 Gen 2 Processor,4.2,"23,082","2,282"
"Apple iPhone 15 (Green, 128 GB)","₹65,999",128 GB ROM,15.49 cm (6.1 inch) Super Retina XDR Display,"A16 Bionic Chip, 6 Core Processor Processor",1 Year Warranty for Phone and 6 Months Warranty for In-Box Accessories,4.2,"23,082","2,282"
"POCO M6 5G (Orion Blue, 128 GB)","₹10,499",6 GB RAM | 128 GB ROM | Expandable Upto 1 TB,17.12 cm (6.74 inch) HD+ Display,5000 mAh Battery,Mediatek Dimensity 6100+ Processor,4.3,"14,286",947
"Motorola G34 5G (Ice Blue, 128 GB)","₹10,999",4 GB RAM | 128 GB ROM,16.51 cm (6.5 inch) HD+ Display,5000 mAh Battery,Snapdragon 695 5G Processor,4.3,"14,286",947
"realme P1 5G (Phoenix Red, 128 GB)","₹15,999",6 GB RAM | 128 GB ROM | Expandable Upto 2 TB,16.94 cm (6.67 inch) Full HD+ Display,5000 mAh Battery,Dimensity 7050 Processor,4.3,"14,286",947
"vivo T3x 5G (Crimson Bliss, 128 GB)","₹14,999",6 GB RAM | 128 GB ROM | Expandable Upto 1 TB,17.07 cm (6.72 inch) Full HD+ Display,6000 mAh Battery,6 Gen 1 Processor,4.3,"14,286",947
"Apple iPhone 15 (Blue, 128 GB)","₹65,999",128 GB ROM,15.49 cm (6.1 inch) Super Retina XDR Display,"A16 Bionic Chip, 6 Core Processor Processor",1 Year Warranty for Phone and 6 Months Warranty for In-Box Accessories,4.3,"14,286",947
"vivo T2x 5G (Glimmer Black, 128 GB)","₹14,990",6 GB RAM | 128 GB ROM,16.71 cm (6.58 inch) Full HD+ Display,5000 mAh Battery,Mediatek Dimensity 6020 Processor,4.3,"14,286",947
"Motorola Edge 40 Neo (Black Beauty, 128 GB)","₹22,999",8 GB RAM | 128 GB ROM,16.64 cm (6.55 inch) Full HD+ Display,5000 mAh Battery,Dimensity 7030 Processor,4.3,"14,286",947
"Motorola g84 5G (Midnight Blue, 256 GB)","₹17,999",12 GB RAM | 256 GB ROM,16.64 cm (6.55 inch) Full HD+ Display,5000 mAh Battery,Snapdragon 695 Processor,4.3,"14,286",947
"realme P1 Pro 5G (Phoenix Red, 256 GB)","₹22,999",8 GB RAM | 256 GB ROM,17.02 cm (6.7 inch) Full HD+ Display,5000 mAh Battery,6 Gen 1 Processor,4.3,"14,286",947
"Nothing Phone (2a) 5G (White, 128 GB)","₹23,999",8 GB RAM | 128 GB ROM,17.02 cm (6.7 inch) Full HD+ Display,5000 mAh Battery,Dimensity 7200 Pro Processor,4.3,"14,286",947
"MOTOROLA g24 Power (Glacier Blue, 128 GB)","₹7,999",4 GB RAM | 128 GB ROM | Expandable Upto 1 TB,16.76 cm (6.6 inch) HD+ Display,6000 mAh Battery,Helio G85 Processor,4.3,"14,286",947
"MOTOROLA G04 (Concord Black, 64 GB)","₹6,999",4 GB RAM | 64 GB ROM | Expandable Upto 1 TB,16.76 cm (6.6 inch) HD+ Display,5000 mAh Battery,Unisoc T606 Processor,4.3,"14,286",947
"SAMSUNG Galaxy F14 5G (GOAT Green, 128 GB)","₹9,490",4 GB RAM | 128 GB ROM | Expandable Upto 1 TB,16.76 cm (6.6 inch) Full HD+ Display,6000 mAh Battery,"Exynos 1330, Octa Core Processor",4.3,"14,286",947
"Infinix SMART 8 (Rainbow Blue, 64 GB)","₹7,199",4 GB RAM | 64 GB ROM | Expandable Upto 2 TB,16.76 cm (6.6 inch) HD+ Display,5000 mAh Battery,Helio G36 Processor,4.3,"14,286",947
"Infinix SMART 8 (Shiny Gold, 128 GB)","₹8,299",8 GB RAM | 128 GB ROM | Expandable Upto 2 TB,16.76 cm (6.6 inch) HD+ Display,5000 mAh Battery,Helio G36 Processor,4.3,"14,286",947
"Infinix SMART 8 (Galaxy White, 128 GB)","₹8,299",8 GB RAM | 128 GB ROM | Expandable Upto 2 TB,16.76 cm (6.6 inch) HD+ Display,5000 mAh Battery,Helio G36 Processor,4.3,"14,286",947
"Infinix SMART 8 (Shiny Gold, 64 GB)","₹7,199",4 GB RAM | 64 GB ROM | Expandable Upto 2 TB,16.76 cm (6.6 inch) HD+ Display,5000 mAh Battery,Helio G36 Processor,4.3,"14,286",947
"Infinix SMART 8 (Rainbow Blue, 128 GB)","₹8,299",8 GB RAM | 128 GB ROM | Expandable Upto 2 TB,16.76 cm (6.6 inch) HD+ Display,5000 mAh Battery,Helio G36 Processor,4.3,"14,286",947
LAVA A1 Josh BOL Keypad Mobile|1000 mAh Battery|Expandable Storage 32GB,₹930,4 MB RAM | 4 MB ROM | Expandable Upto 32 GB,4.5 cm (1.77 inch) Quarter QVGA Display,1 Year Manufacturer Replacement Guarantee for Phone and 6 months Replacement for Accessories in the Box,,4.3,"14,286",947
"Infinix SMART 8 HD (Crystal Green, 64 GB)","₹6,499",3 GB RAM | 64 GB ROM | Expandable Upto 2 TB,16.76 cm (6.6 inch) HD+ Display,5000 mAh Battery,T606 Processor,4.3,"14,286",947
"Apple iPhone 15 (Green, 128 GB)","₹65,999",128 GB ROM,15.49 cm (6.1 inch) Super Retina XDR Display,"A16 Bionic Chip, 6 Core Processor Processor",1 Year Warranty for Phone and 6 Months Warranty for In-Box Accessories,4.3,"14,286",947
"Infinix SMART 8 (Galaxy White, 64 GB)","₹7,199",4 GB RAM | 64 GB ROM | Expandable Upto 2 TB,16.76 cm (6.6 inch) HD+ Display,5000 mAh Battery,Helio G36 Processor,4.3,"14,286",947
"vivo T2x 5G (Glimmer Black, 128 GB)","₹11,999",4 GB RAM | 128 GB ROM,16.71 cm (6.58 inch) Full HD+ Display,5000 mAh Battery,Mediatek Dimensity 6020 Processor,4.3,"14,286",947
"vivo T2x 5G (Aurora Gold, 128 GB)","₹12,999",6 GB RAM | 128 GB ROM,16.71 cm (6.58 inch) Full HD+ Display,5000 mAh Battery,Mediatek Dimensity 6020 Processor,4.3,"14,286",947
"Infinix SMART 8 HD (Galaxy White, 64 GB)","₹6,499",3 GB RAM | 64 GB ROM | Expandable Upto 2 TB,16.76 cm (6.6 inch) HD+ Display,5000 mAh Battery,T606 Processor,4.3,"25,330","2,053"
"Infinix SMART 8 (Galaxy White, 64 GB)","₹7,199",4 GB RAM | 64 GB ROM | Expandable Upto 2 TB,16.76 cm (6.6 inch) HD+ Display,5000 mAh Battery,Helio G36 Processor,4.3,"25,330","2,053"
"POCO M6 5G - Locked with Airtel Prepaid (Galactic Black, 128 GB)","₹8,599",4 GB RAM | 128 GB ROM | Expandable Upto 1 TB,17.12 cm (6.74 inch) HD+ Display,5000 mAh Battery,Mediatek Dimensity 6100+ Processor,4.3,"25,330","2,053"
"Apple iPhone 15 (Pink, 128 GB)","₹65,999",128 GB ROM,15.49 cm (6.1 inch) Super Retina XDR Display,"A16 Bionic Chip, 6 Core Processor Processor",1 Year Warranty for Phone and 6 Months Warranty for In-Box Accessories,4.3,"25,330","2,053"
"realme P1 5G (Peacock Green, 128 GB)","₹15,999",6 GB RAM | 128 GB ROM | Expandable Upto 2 TB,16.94 cm (6.67 inch) Full HD+ Display,5000 mAh Battery,Dimensity 7050 Processor,4.3,"25,330","2,053"
"vivo T3x 5G (Celestial Green, 128 GB)","₹13,499",4 GB RAM | 128 GB ROM | Expandable Upto 1 TB,17.07 cm (6.72 inch) Full HD+ Display,6000 mAh Battery,6 Gen 1 Processor,4.3,"25,330","2,053"
"vivo T2 Pro 5G (Dune Gold, 128 GB)","₹23,999",8 GB RAM | 128 GB ROM,17.22 cm (6.78 inch) Full HD+ Display,4600 mAh Battery,Dimensity 7200 Processor,4.3,"25,330","2,053"
"Motorola Edge 40 Neo (Black Beauty, 128 GB)","₹22,999",8 GB RAM | 128 GB ROM,16.64 cm (6.55 inch) Full HD+ Display,5000 mAh Battery,Dimensity 7030 Processor,4.3,"25,330","2,053"
"realme P1 Pro 5G (Phoenix Red, 256 GB)","₹22,999",8 GB RAM | 256 GB ROM,17.02 cm (6.7 inch) Full HD+ Display,5000 mAh Battery,6 Gen 1 Processor,4.3,"25,330","2,053"
"Nothing Phone (2a) 5G (White, 128 GB)","₹23,999",8 GB RAM | 128 GB ROM,17.02 cm (6.7 inch) Full HD+ Display,5000 mAh Battery,Dimensity 7200 Pro Processor,4.3,"25,330","2,053"
"realme C53 (Champion Gold, 64 GB)","₹10,999",6 GB RAM | 64 GB ROM | Expandable Upto 2 TB,17.12 cm (6.74 inch) HD Display,5000 mAh Battery,T612 Processor,4.3,"25,330","2,053"
"vivo T3 5G (Crystal Flake, 128 GB)","₹19,999",8 GB RAM | 128 GB ROM,16.94 cm (6.67 inch) Full HD+ Display,5000 mAh Battery,Dimensity 7200 Processor,4.3,"25,330","2,053"
"vivo T3 5G (Cosmic Blue, 256 GB)","₹21,999",8 GB RAM | 256 GB ROM,16.94 cm (6.67 inch) Full HD+ Display,5000 mAh Battery,Dimensity 7200 Processor,4.3,"25,330","2,053"
"vivo T3 5G (Crystal Flake, 256 GB)","₹21,999",8 GB RAM | 256 GB ROM,16.94 cm (6.67 inch) Full HD+ Display,5000 mAh Battery,Dimensity 7200 Processor,4.3,"25,330","2,053"
"realme 12x 5G (Woodland Green, 128 GB)","₹13,499",6 GB RAM | 128 GB ROM | Expandable Upto 2 TB,17.07 cm (6.72 inch) Full HD+ Display,5000 mAh Battery,Dimensity 6100+ Processor,4.3,"25,330","2,053"
"realme 12x 5G (Twilight Purple, 128 GB)","₹13,499",6 GB RAM | 128 GB ROM | Expandable Upto 2 TB,17.07 cm (6.72 inch) Full HD+ Display,5000 mAh Battery,Dimensity 6100+ Processor,4.3,"25,330","2,053"
"POCO C65 (Matte Black, 256 GB)","₹8,999",8 GB RAM | 256 GB ROM | Expandable Upto 1 TB,17.12 cm (6.74 inch) HD+ Display,5000 mAh Battery,Helio G85 Processor,4.3,"25,330","2,053"
"POCO M6 5G (Orion Blue, 256 GB)","₹11,999",8 GB RAM | 256 GB ROM | Expandable Upto 1 TB,17.12 cm (6.74 inch) HD+ Display,5000 mAh Battery,Mediatek Dimensity 6100+ Processor,4.3,"25,330","2,053"
"Infinix SMART 8 (Rainbow Blue, 128 GB)","₹8,299",8 GB RAM | 128 GB ROM | Expandable Upto 2 TB,16.76 cm (6.6 inch) HD+ Display,5000 mAh Battery,Helio G36 Processor,4.3,"25,330","2,053"
"Infinix SMART 8 (Rainbow Blue, 64 GB)","₹7,199",4 GB RAM | 64 GB ROM | Expandable Upto 2 TB,16.76 cm (6.6 inch) HD+ Display,5000 mAh Battery,Helio G36 Processor,4.3,"25,330","2,053"
"Infinix SMART 8 (Shiny Gold, 128 GB)","₹8,299",8 GB RAM | 128 GB ROM | Expandable Upto 2 TB,16.76 cm (6.6 inch) HD+ Display,5000 mAh Battery,Helio G36 Processor,4.3,"25,330","2,053"
"Infinix SMART 8 (Galaxy White, 128 GB)","₹8,299",8 GB RAM | 128 GB ROM | Expandable Upto 2 TB,16.76 cm (6.6 inch) HD+ Display,5000 mAh Battery,Helio G36 Processor,4.3,"25,330","2,053"
"Infinix SMART 8 (Shiny Gold, 64 GB)","₹7,199",4 GB RAM | 64 GB ROM | Expandable Upto 2 TB,16.76 cm (6.6 inch) HD+ Display,5000 mAh Battery,Helio G36 Processor,4.3,"25,330","2,053"
"realme 12x 5G (Woodland Green, 128 GB)","₹14,999",8 GB RAM | 128 GB ROM | Expandable Upto 2 TB,17.07 cm (6.72 inch) Full HD+ Display,5000 mAh Battery,Dimensity 6100+ Processor,4.3,"25,330","2,053"
"realme C51 (Mint Green, 64 GB)","₹7,999",4 GB RAM | 64 GB ROM | Expandable Upto 2 TB,17.12 cm (6.74 inch) HD Display,5000 mAh Battery,T612 Processor,4.3,"78,537","3,497"
"Nokia 105 Single SIM, Keypad Mobile Phone with Wireless FM Radio","₹1,199",32 MB RAM | 32 MB ROM,4.5 cm (1.77 inch) Display,1000 mAh Battery,SC6531E Processor,4.3,"78,537","3,497"
"realme C51 (Carbon Black, 64 GB)","₹7,999",4 GB RAM | 64 GB ROM | Expandable Upto 2 TB,17.12 cm (6.74 inch) HD Display,5000 mAh Battery,T612 Processor,4.3,"78,537","3,497"
"REDMI 12 5G (Pastel Blue, 128 GB)","₹12,999",6 GB RAM | 128 GB ROM | Expandable Upto 1 TB,17.25 cm (6.79 inch) Full HD+ Display,5000 mAh Battery,Snapdragon 4 Gen 2 Processor,4.3,"78,537","3,497"
"Infinix SMART 8 (Timber Black, 64 GB)","₹7,199",4 GB RAM | 64 GB ROM | Expandable Upto 2 TB,16.76 cm (6.6 inch) HD+ Display,5000 mAh Battery,Helio G36 Processor,4.3,"78,537","3,497"
"Infinix SMART 8 (Timber Black, 128 GB)","₹8,299",8 GB RAM | 128 GB ROM | Expandable Upto 2 TB,16.76 cm (6.6 inch) HD+ Display,5000 mAh Battery,Helio G36 Processor,4.3,"78,537","3,497"
"Nokia 105 Single SIM, Keypad Mobile Phone with Wireless FM Radio","₹1,249",32 MB RAM | 32 MB ROM,4.5 cm (1.77 inch) Display,1000 mAh Battery,SC6531E Processor,4.3,"78,537","3,497"
"Motorola g54 5G (Mint Green, 128 GB)","₹14,999",8 GB RAM | 128 GB ROM | Expandable Upto 1 TB,16.51 cm (6.5 inch) Full HD+ Display,6000 mAh Battery,Dimensity 7020 Processor,4.3,"78,537","3,497"
"OnePlus Nord CE4 (Dark Chrome, 256 GB)","₹26,723",8 GB RAM | 256 GB ROM,17.02 cm (6.7 inch) Display,5500 mAh Battery,OxygenOS 14.0 Processor,4.3,"78,537","3,497"
"POCO C65 (Pastel Blue, 256 GB)","₹8,999",8 GB RAM | 256 GB ROM | Expandable Upto 1 TB,17.12 cm (6.74 inch) HD+ Display,5000 mAh Battery,Helio G85 Processor,4.3,"78,537","3,497"
"realme P1 5G (Peacock Green, 128 GB)","₹15,999",6 GB RAM | 128 GB ROM | Expandable Upto 2 TB,16.94 cm (6.67 inch) Full HD+ Display,5000 mAh Battery,Dimensity 7050 Processor,4.3,"78,537","3,497"
"Infinix SMART 8 HD (Crystal Green, 64 GB)","₹6,499",3 GB RAM | 64 GB ROM | Expandable Upto 2 TB,16.76 cm (6.6 inch) HD+ Display,5000 mAh Battery,T606 Processor,4.3,"78,537","3,497"
"POCO M6 5G (Galactic Black, 256 GB)","₹11,999",8 GB RAM | 256 GB ROM | Expandable Upto 1 TB,17.12 cm (6.74 inch) HD+ Display,5000 mAh Battery,Mediatek Dimensity 6100+ Processor,4.3,"78,537","3,497"
"POCO C51 - Locked with Airtel Prepaid (Royal Blue, 64 GB)","₹4,999",4 GB RAM | 64 GB ROM | Expandable Upto 1 TB,16.56 cm (6.52 inch) HD+ Display,5000 mAh Battery,Helio G36 Processor,4.3,"78,537","3,497"
"realme P1 5G (Peacock Green, 256 GB)","₹18,999",8 GB RAM | 256 GB ROM | Expandable Upto 2 TB,16.94 cm (6.67 inch) Full HD+ Display,5000 mAh Battery,Dimensity 7050 Processor,4.3,"78,537","3,497"
"realme C53 (Champion Gold, 128 GB)","₹9,499",6 GB RAM | 128 GB ROM | Expandable Upto 2 TB,17.12 cm (6.74 inch) HD Display,5000 mAh Battery,T612 Processor,4.3,"78,537","3,497"
Nokia 105 Classic without Charger,₹999,32 MB RAM | 32 MB ROM,4.5 cm (1.77 inch) Display,800 mAh Battery,SC6531E Processor,4.3,"78,537","3,497"
"realme C53 (Champion Black, 128 GB)","₹9,499",6 GB RAM | 128 GB ROM | Expandable Upto 2 TB,17.12 cm (6.74 inch) HD Display,5000 mAh Battery,T612 Processor,4.3,"78,537","3,497"
"SAMSUNG Galaxy M14 5G (Icy Silver, 128 GB)","₹12,108",6 GB RAM | 128 GB ROM,16.76 cm (6.6 inch) Display,6000 mAh Battery,1 year,4.3,"78,537","3,497"
"SAMSUNG Galaxy F15 5G (Ash Black, 128 GB)","₹14,499",6 GB RAM | 128 GB ROM | Expandable Upto 1 TB,16.51 cm (6.5 inch) Full HD+ Display,6000 mAh Lithium ion Battery,MediaTek Dimensity 6100+ Processor,4.3,"78,537","3,497"
"REDMI 12 5G (Moonstone Silver, 128 GB)","₹12,999",6 GB RAM | 128 GB ROM | Expandable Upto 1 TB,17.25 cm (6.79 inch) Full HD+ Display,5000 mAh Battery,Snapdragon 4 Gen 2 Processor,4.3,"78,537","3,497"
"POCO X6 Neo 5G (Martian Orange, 128 GB)","₹15,999",8 GB RAM | 128 GB ROM | Expandable Upto 1 TB,16.94 cm (6.67 inch) Full HD+ Display,5000 mAh Battery,Dimensity 6080 Processor,4.3,"78,537","3,497"
"Infinix SMART 8 HD (Shiny Gold, 64 GB)","₹6,499",3 GB RAM | 64 GB ROM | Expandable Upto 2 TB,16.76 cm (6.6 inch) HD+ Display,5000 mAh Battery,T606 Processor,4.3,"78,537","3,497"
"Infinix SMART 8 HD (Timber Black, 64 GB)","₹6,499",3 GB RAM | 64 GB ROM | Expandable Upto 2 TB,16.76 cm (6.6 inch) HD+ Display,5000 mAh Battery,T606 Processor,4.3,"78,537","3,497"
"Nothing Phone (2a) 5G (White, 128 GB)","₹23,999",8 GB RAM | 128 GB ROM,17.02 cm (6.7 inch) Full HD+ Display,5000 mAh Battery,Dimensity 7200 Pro Processor,4.4,"19,732","2,894"
"realme C51 (Mint Green, 128 GB)","₹9,499",4 GB RAM | 128 GB ROM | Expandable Upto 2 TB,17.12 cm (6.74 inch) HD Display,5000 mAh Battery,T612 Processor,4.4,"19,732","2,894"
"realme C51 (Mint Green, 64 GB)","₹7,999",4 GB RAM | 64 GB ROM | Expandable Upto 2 TB,17.12 cm (6.74 inch) HD Display,5000 mAh Battery,T612 Processor,4.4,"19,732","2,894"
"realme C51 (Carbon Black, 64 GB)","₹7,999",4 GB RAM | 64 GB ROM | Expandable Upto 2 TB,17.12 cm (6.74 inch) HD Display,5000 mAh Battery,T612 Processor,4.4,"19,732","2,894"
"vivo T2 Pro 5G (New Moon Black, 256 GB)","₹24,999",8 GB RAM | 256 GB ROM,17.22 cm (6.78 inch) Full HD+ Display,4600 mAh Battery,Dimensity 7200 Processor,4.4,"19,732","2,894"
"POCO C65 (Pastel Blue, 256 GB)","₹8,999",8 GB RAM | 256 GB ROM | Expandable Upto 1 TB,17.12 cm (6.74 inch) HD+ Display,5000 mAh Battery,Helio G85 Processor,4.4,"19,732","2,894"
"vivo T2 Pro 5G (New Moon Black, 128 GB)","₹23,999",8 GB RAM | 128 GB ROM,17.22 cm (6.78 inch) Full HD+ Display,4600 mAh Battery,Dimensity 7200 Processor,4.4,"19,732","2,894"
"vivo T2 Pro 5G (Dune Gold, 128 GB)","₹23,999",8 GB RAM | 128 GB ROM,17.22 cm (6.78 inch) Full HD+ Display,4600 mAh Battery,Dimensity 7200 Processor,4.4,"19,732","2,894"
"OnePlus Nord CE4 (Celadon Marble, 256 GB)","₹26,897",8 GB RAM | 256 GB ROM,17.02 cm (6.7 inch) Display,5500 mAh Battery,OxygenOS 14.0 Processor,4.4,"19,732","2,894"
"Motorola Edge 50 Pro 5G with 125W Charger (Luxe Lavender, 256 GB)","₹35,999",12 GB RAM | 256 GB ROM,17.02 cm (6.7 inch) Display,4500 mAh Battery,7 Gen 3 Mobile Platform Processor,4.4,"19,732","2,894"
"REDMI 13c 5G (Starlight Black, 256 GB)","₹13,939",8 GB RAM | 256 GB ROM,17.12 cm (6.74 inch) Display,5000 mAh Battery,1 Year,4.4,"19,732","2,894"
LAVA A1 Josh BOL Keypad Mobile|1000 mAh Battery|Expandable Storage 32GB,₹930,4 MB RAM | 4 MB ROM | Expandable Upto 32 GB,4.5 cm (1.77 inch) Quarter QVGA Display,1 Year Manufacturer Replacement Guarantee for Phone and 6 months Replacement for Accessories in the Box,,4.4,"19,732","2,894"
"POCO X6 Neo 5G (Martian Orange, 128 GB)","₹15,999",8 GB RAM | 128 GB ROM | Expandable Upto 1 TB,16.94 cm (6.67 inch) Full HD+ Display,5000 mAh Battery,Dimensity 6080 Processor,4.4,"19,732","2,894"
"OnePlus Nord CE4 (Celadon Marble, 128 GB)","₹24,389",8 GB RAM | 128 GB ROM,17.02 cm (6.7 inch) Display,5500 mAh Battery,OxygenOS 14.0 Processor,4.4,"19,732","2,894"
"OnePlus Nord CE4 (Dark Chrome, 128 GB)","₹24,255",8 GB RAM | 128 GB ROM,17.02 cm (6.7 inch) Display,5500 mAh Battery,OxygenOS 14.0 Processor,4.4,"19,732","2,894"
"Infinix HOT 40i (Starfall Green, 256 GB)","₹9,299",8 GB RAM | 256 GB ROM | Expandable Upto 2 TB,16.76 cm (6.6 inch) HD+ Display,5000 mAh Battery,Unisoc T606 Processor,4.4,"19,732","2,894"
"REDMI 13c 5G (Startrail Green, 256 GB)","₹13,552",8 GB RAM | 256 GB ROM,17.12 cm (6.74 inch) Display,5000 mAh Battery,1 Year,4.4,"19,732","2,894"
"realme C53 (Champion Black, 128 GB)","₹9,499",6 GB RAM | 128 GB ROM | Expandable Upto 2 TB,17.12 cm (6.74 inch) HD Display,5000 mAh Battery,T612 Processor,4.4,"19,732","2,894"
"SAMSUNG Galaxy M14 5G (Icy Silver, 128 GB)","₹12,108",6 GB RAM | 128 GB ROM,16.76 cm (6.6 inch) Display,6000 mAh Battery,1 year,4.4,"19,732","2,894"
"SAMSUNG Galaxy F14 5G (OMG Black, 128 GB)","₹9,490",4 GB RAM | 128 GB ROM | Expandable Upto 1 TB,16.76 cm (6.6 inch) Full HD+ Display,6000 mAh Battery,"Exynos 1330, Octa Core Processor",4.4,"19,732","2,894"
"REDMI 13c 5G (Startrail Silver, 256 GB)","₹13,663",8 GB RAM | 256 GB ROM,17.12 cm (6.74 inch) Display,5000 mAh Battery,1 Year,4.4,"19,732","2,894"
"REDMI 13c 5G (Starlight Black, 128 GB)","₹10,787",4 GB RAM | 128 GB ROM,17.12 cm (6.74 inch) Display,5000 mAh Battery,1 Year,4.4,"19,732","2,894"
"SAMSUNG Galaxy F15 5G (Groovy Violet, 128 GB)","₹14,499",6 GB RAM | 128 GB ROM | Expandable Upto 1 TB,16.51 cm (6.5 inch) Full HD+ Display,6000 mAh Lithium ion Battery,MediaTek Dimensity 6100+ Processor,4.4,"19,732","2,894"
"Motorola g54 5G (Mint Green, 128 GB)","₹14,999",8 GB RAM | 128 GB ROM | Expandable Upto 1 TB,16.51 cm (6.5 inch) Full HD+ Display,6000 mAh Battery,Dimensity 7020 Processor,4.4,"19,732","2,894"
Nokia 105,"₹1,313",4 MB RAM | 4 MB ROM,4.57 cm (1.8 inch) Display,1000 mAh Battery,one year brand waranty,4.2,"17,671","1,600"
"IQOO Z6 Lite 5G (With Charger) (Stellar Green, 128 GB)","₹12,630",6 GB RAM | 128 GB ROM,16.97 cm (6.68 inch) Display,5000 mAh Battery,1 Year,4.2,"17,671","1,600"
"realme P1 5G (Peacock Green, 128 GB)","₹15,999",6 GB RAM | 128 GB ROM | Expandable Upto 2 TB,16.94 cm (6.67 inch) Full HD+ Display,5000 mAh Battery,Dimensity 7050 Processor,4.2,"17,671","1,600"
"vivo T3x 5G (Celestial Green, 128 GB)","₹13,499",4 GB RAM | 128 GB ROM | Expandable Upto 1 TB,17.07 cm (6.72 inch) Full HD+ Display,6000 mAh Battery,6 Gen 1 Processor,4.2,"17,671","1,600"
"OnePlus 11R 5G (Sonic Black, 256 GB)","₹36,868",16 GB RAM | 256 GB ROM,17.02 cm (6.7 inch) Display,5000 mAh Battery,Domestic warranty of 12 months on phone & 6 months on accessries,4.2,"17,671","1,600"
Kechaoda A27,₹970,32 MB RAM | 32 MB ROM | Expandable Upto 16 GB,1.68 cm (0.66 inch) FWVGA+ Display,NO WARRANTY,,4.2,"17,671","1,600"
"realme P1 Pro 5G (Phoenix Red, 256 GB)","₹22,999",8 GB RAM | 256 GB ROM,17.02 cm (6.7 inch) Full HD+ Display,5000 mAh Battery,6 Gen 1 Processor,4.2,"17,671","1,600"
"Nothing Phone (2a) 5G (White, 128 GB)","₹23,999",8 GB RAM | 128 GB ROM,17.02 cm (6.7 inch) Full HD+ Display,5000 mAh Battery,Dimensity 7200 Pro Processor,4.2,"17,671","1,600"
"OnePlus 11R 5G (Galactic Silver, 128 GB)","₹33,385",8 GB RAM | 128 GB ROM,17.02 cm (6.7 inch) Display,5000 mAh Battery,Domestic warranty of 12 months on phone & 6 months on accessories,4.2,"17,671","1,600"
"OnePlus 11R 5G (Galactic Silver, 256 GB)","₹36,798",16 GB RAM | 256 GB ROM,17.02 cm (6.7 inch) Display,5000 mAh Battery,Domestic warranty of 12 months on phone & 6 months on accessories,4.2,"17,671","1,600"
"SAMSUNG Galaxy S22 5G (Phantom Black, 128 GB)","₹36,999",8 GB RAM | 128 GB ROM,15.49 cm (6.1 inch) Full HD+ Display,3700 mAh Lithium-ion Battery,Snapdragon 8 Gen 1 Processor,4.2,"17,671","1,600"
Micromax J3,₹840,32 MB RAM | 32 MB ROM,4.5 cm (1.77 inch) Display,1 Year Manufacturer Warranty on Product and 6 Month on Box Accessories,,4.2,"17,671","1,600"
"OnePlus Nord 3 5G (Tempest Gray, 128 GB)","₹23,186",8 GB RAM | 128 GB ROM,17.12 cm (6.74 inch) Full HD+ Display,5000 mAh Battery,Domestic 1 Year of Device & 6 Months for In-Box Accessories,4.2,"17,671","1,600"
"OnePlus Nord 3 5G (Misty Green, 128 GB)","₹23,990",8 GB RAM | 128 GB ROM,17.12 cm (6.74 inch) Display,5000 mAh Battery,Domestic 1 Year of Device & 6 Months for In-Box Accessories,4.2,"17,671","1,600"
"POCO X6 Neo 5G (Astral Black, 256 GB)","₹17,999",12 GB RAM | 256 GB ROM | Expandable Upto 1 TB,16.94 cm (6.67 inch) Full HD+ Display,5000 mAh Battery,Dimensity 6080 Processor,4.2,"17,671","1,600"
"REDMI Note 13 5G (Stealth Black, 256 GB)","₹19,046",8 GB RAM | 256 GB ROM,16.94 cm (6.67 inch) Display,5000 mAh Battery,1 Year Brand Warranty,4.2,"17,671","1,600"
"REDMI Note 12 (Sunrise Gold, 128 GB)","₹12,499",6 GB RAM | 128 GB ROM | Expandable Upto 1 TB,16.94 cm (6.67 inch) Full HD+ Super AMOLED Display,5000 mAh Battery,Snapdragon 685 Processor,4.2,"17,671","1,600"
"REDMI 12 5G (Pastel Blue, 128 GB)","₹12,550",6 GB RAM | 128 GB ROM | Expandable Upto 1 TB,17.25 cm (6.79 inch) Full HD+ Display,5000 mAh Battery,Snapdragon 4 Gen 2 Processor,4.2,"17,671","1,600"
"REDMI Note 13 5G (Stealth Black, 128 GB)","₹16,807",6 GB RAM | 128 GB ROM,16.94 cm (6.67 inch) Full HD+ Display,5000 mAh Battery,1 Year Brand Warranty,4.2,"17,671","1,600"
"REDMI 12 5G (Pastel Blue, 256 GB)","₹14,702",8 GB RAM | 256 GB ROM | Expandable Upto 1 TB,17.25 cm (6.79 inch) Full HD+ Display,5000 mAh Battery,Snapdragon 4 Gen 2 Processor,4.2,"17,671","1,600"
"REDMI 12 (Moonstone Silver, 128 GB)","₹9,499",4 GB RAM | 128 GB ROM | Expandable Upto 1 TB,17.25 cm (6.79 inch) Full HD+ Display,5000 mAh Battery,Helio G88 Processor,4.2,"17,671","1,600"
"Samsung Galaxy S21 FE 5G with Snapdragon 888 (Olive, 128 GB)","₹29,999",8 GB RAM | 128 GB ROM,16.26 cm (6.4 inch) Full HD+ Display,4500 mAh Lithium-ion Battery,Snapdragon 888 Processor,4.2,"17,671","1,600"
SAMSUNG Metro 313 Dual Sim,"₹2,340",16 MB RAM | 2 MB ROM,5.08 cm (2 inch) Display,1000 mAh Battery,1 Year Manufacturer Warranty,4.2,"17,671","1,600"
LAVA A3 Vibe DS Keypad Mobile| 1750 mAh Battery|Expandable Storage 32GB,"₹1,147",32 MB ROM | Expandable Upto 32 GB,4.5 cm (1.77 inch) Display,1750 mAh Battery,1 year manufacturer Replacement for device and 6 months manufacturer warranty for in-box accessories including batteries from the date of purchase,4.2,"17,671","1,600"
"realme C53 (Champion Gold, 128 GB)","₹8,999",4 GB RAM | 128 GB ROM | Expandable Upto 2 TB,17.12 cm (6.74 inch) HD Display,5000 mAh Battery,T612 Processor,4.1,"21,020","1,479"
Kechaoda A26,₹970,32 MB RAM | 32 MB ROM | Expandable Upto 16 GB,1.68 cm (0.66 inch) FWVGA Display,NO WARRANTY,,4.1,"21,020","1,479"
"realme P1 5G (Phoenix Red, 128 GB)","₹15,999",6 GB RAM | 128 GB ROM | Expandable Upto 2 TB,16.94 cm (6.67 inch) Full HD+ Display,5000 mAh Battery,Dimensity 7050 Processor,4.1,"21,020","1,479"
"vivo T3x 5G (Crimson Bliss, 128 GB)","₹14,999",6 GB RAM | 128 GB ROM | Expandable Upto 1 TB,17.07 cm (6.72 inch) Full HD+ Display,6000 mAh Battery,6 Gen 1 Processor,4.1,"21,020","1,479"
"POCO C65 (Pastel Green, 256 GB)","₹8,999",8 GB RAM | 256 GB ROM | Expandable Upto 1 TB,17.12 cm (6.74 inch) HD+ Display,5000 mAh Battery,Helio G85 Processor,4.1,"21,020","1,479"
"Infinix HOT 40i (Palm Blue, 256 GB)","₹9,299",8 GB RAM | 256 GB ROM | Expandable Upto 2 TB,16.76 cm (6.6 inch) HD+ Display,5000 mAh Battery,Unisoc T606 Processor,4.1,"21,020","1,479"
"Nothing Phone (2a) 5G (Black, 256 GB)","₹27,999",12 GB RAM | 256 GB ROM,17.02 cm (6.7 inch) Full HD+ Display,5000 mAh Battery,Dimensity 7200 Pro Processor,4.1,"21,020","1,479"
"Motorola G32 (Satin Silver, 128 GB)","₹9,999",8 GB RAM | 128 GB ROM,16.51 cm (6.5 inch) Full HD+ Display,5000 mAh Lithium Polymer Battery,Qualcomm Snapdragon 680 Processor,4.1,"21,020","1,479"
"realme P1 Pro 5G (Phoenix Red, 256 GB)","₹22,999",8 GB RAM | 256 GB ROM,17.02 cm (6.7 inch) Full HD+ Display,5000 mAh Battery,6 Gen 1 Processor,4.1,"21,020","1,479"
"Nothing Phone (2a) 5G (White, 128 GB)","₹23,999",8 GB RAM | 128 GB ROM,17.02 cm (6.7 inch) Full HD+ Display,5000 mAh Battery,Dimensity 7200 Pro Processor,4.1,"21,020","1,479"
"Motorola g14 (Steel Gray, 128 GB)","₹8,499",4 GB RAM | 128 GB ROM | Expandable Upto 1 TB,16.51 cm (6.5 inch) Full HD+ Display,5000 mAh Battery,T616 Processor,4.1,"21,020","1,479"
itel Magic X Pro 4G| 2500mAh Big Battery| Expandable Storage upto 64GB,"₹1,684",64 MB RAM | 128 MB ROM,6.1 cm (2.4 inch) Display,2500 mAh Battery,2 years warranty on mobile device & 6 months on accessories.,4.1,"21,020","1,479"
"realme Narzo 60x 5G (Stellar Green, 128 GB)","₹10,973",4 GB RAM | 128 GB ROM,17.07 cm (6.72 inch) Display,5000 mAh Battery,1 Year Brand Warranty,4.1,"21,020","1,479"
"Infinix Note 40 Pro 5G (Vintage Green, 256 GB)","₹21,999",8 GB RAM | 256 GB ROM,17.22 cm (6.78 inch) Full HD+ Display,5000 mAh Battery,Mediatek Dimensity 7020 Processor,4.1,"21,020","1,479"
"REDMI 12 (Moonstone Silver, 128 GB)","₹9,999",6 GB RAM | 128 GB ROM | Expandable Upto 1 TB,17.25 cm (6.79 inch) Full HD+ Display,5000 mAh Battery,Helio G88 Processor,4.1,"21,020","1,479"
"POCO M6 Pro 5G (Power Black, 128 GB)","₹9,999",4 GB RAM | 128 GB ROM | Expandable Upto 1 TB,17.25 cm (6.79 inch) Full HD+ Display,5000 mAh Battery,Snapdragon 4 Gen 2 Processor,4.1,"21,020","1,479"
"realme 12x 5G (Woodland Green, 128 GB)","₹11,999",4 GB RAM | 128 GB ROM | Expandable Upto 2 TB,17.07 cm (6.72 inch) Full HD+ Display,5000 mAh Battery,Dimensity 6100+ Processor,4.1,"21,020","1,479"
"Nothing Phone (2a) 5G (Black, 256 GB)","₹25,999",8 GB RAM | 256 GB ROM,17.02 cm (6.7 inch) Full HD+ Display,5000 mAh Battery,Dimensity 7200 Pro Processor,4.1,"21,020","1,479"
"REDMI 12 5G (Moonstone Silver, 128 GB)","₹11,999",4 GB RAM | 128 GB ROM | Expandable Upto 1 TB,17.25 cm (6.79 inch) Full HD+ Display,5000 mAh Battery,Snapdragon 4 Gen 2 Processor,4.1,"21,020","1,479"
"Nothing Phone (2a) 5G (White, 256 GB)","₹25,999",8 GB RAM | 256 GB ROM,17.02 cm (6.7 inch) Full HD+ Display,5000 mAh Battery,Dimensity 7200 Pro Processor,4.1,"21,020","1,479"
"REDMI 13c 5G (Starlight Black, 128 GB)","₹11,809",6 GB RAM | 128 GB ROM,17.12 cm (6.74 inch) Display,5000 mAh Battery,1 Year,4.1,"21,020","1,479"
"realme Narzo N55 (Prime Blue, 64 GB)","₹9,990",4 GB RAM | 64 GB ROM,17.07 cm (6.72 inch) Display,5000 mAh Battery,1 Year Domestic Warranty for Phone and 6 Months Warranty for In-Box Accessories,4.1,"21,020","1,479"
"Nothing Phone (2a) 5G (Black, 128 GB)","₹23,999",8 GB RAM | 128 GB ROM,17.02 cm (6.7 inch) Full HD+ Display,5000 mAh Battery,Dimensity 7200 Pro Processor,4.1,"21,020","1,479"
"POCO M6 5G (Polaris Green, 128 GB)","₹9,299",4 GB RAM | 128 GB ROM | Expandable Upto 1 TB,17.12 cm (6.74 inch) HD+ Display,5000 mAh Battery,Mediatek Dimensity 6100+ Processor,4.1,"21,020","1,479"
"realme C53 (Champion Black, 128 GB)","₹8,999",4 GB RAM | 128 GB ROM | Expandable Upto 2 TB,17.12 cm (6.74 inch) HD Display,5000 mAh Battery,T612 Processor,4.1,"21,020","1,479"
Kechaoda K112,"₹1,590",32 MB RAM | 64 MB ROM | Expandable Upto 32 GB,6.1 cm (2.4 inch) QVGA Display,3600 mAh Battery,No Processor,4.1,"21,020","1,479"
"realme Narzo N55 (Prime Black, 128 GB)","₹9,474",6 GB RAM | 128 GB ROM,17.07 cm (6.72 inch) Display,5000 mAh Battery,1 Year Domestic Warranty for Phone and 6 Months Warranty for In-Box Accessories,4.1,"21,020","1,479"
"IQOO Z6 Lite 5G (With Charger) (Stellar Green, 128 GB)","₹12,630",6 GB RAM | 128 GB ROM,16.97 cm (6.68 inch) Display,5000 mAh Battery,1 Year,4.1,"21,020","1,479"
"realme P1 5G (Phoenix Red, 128 GB)","₹15,999",6 GB RAM | 128 GB ROM | Expandable Upto 2 TB,16.94 cm (6.67 inch) Full HD+ Display,5000 mAh Battery,Dimensity 7050 Processor,4.1,"21,020","1,479"
"vivo T3x 5G (Crimson Bliss, 128 GB)","₹14,999",6 GB RAM | 128 GB ROM | Expandable Upto 1 TB,17.07 cm (6.72 inch) Full HD+ Display,6000 mAh Battery,6 Gen 1 Processor,4.1,"21,020","1,479"
Jio V2 Keypad Phone (UPI) Locked,"₹1,160",20 MB RAM | 20 MB ROM,4.5 cm (1.77 inch) Display,1000 mAh Battery,1 Year Manufacturer Warranty,4.1,"21,020","1,479"
itel Ace2 Keypad Mobile| 1000 mAh Battery|Expandable Storage 32GB,₹849,4 MB RAM | 4 MB ROM | Expandable Upto 32 GB,4.57 cm (1.8 inch) Quarter QVGA Display,1000 mAh Lithium Ion Battery,Spreadtrum Processor,4.1,"21,020","1,479"
"realme P1 Pro 5G (Phoenix Red, 256 GB)","₹22,999",8 GB RAM | 256 GB ROM,17.02 cm (6.7 inch) Full HD+ Display,5000 mAh Battery,6 Gen 1 Processor,4.1,"21,020","1,479"
"Nothing Phone (2a) 5G (White, 128 GB)","₹23,999",8 GB RAM | 128 GB ROM,17.02 cm (6.7 inch) Full HD+ Display,5000 mAh Battery,Dimensity 7200 Pro Processor,4.1,"21,020","1,479"
"realme Narzo 60 5G (Cosmic Black, 128 GB)","₹15,414",8 GB RAM | 128 GB ROM,16.33 cm (6.43 inch) Display,5000 mAh Battery,Domestic 1 Year of Device & 6 Months for In-Box Accessories,4.1,"21,020","1,479"
"Nokia 105 Single SIM, Keypad Mobile Phone with Wireless FM Radio","₹1,285",32 MB RAM | 32 MB ROM,4.5 cm (1.77 inch) QVGA Display,800 mAh Lithium Ion Battery,SC6531E Processor,4.1,"21,020","1,479"
Kechaoda K10,₹955,32 MB RAM | 32 MB ROM | Expandable Upto 8 GB,1.68 cm (0.66 inch) QVGA Display,300 mAh Battery,Feature Phone Processor,4.1,"21,020","1,479"
itel Magic X Pro 4G| 2500mAh Big Battery| Expandable Storage upto 64GB,"₹1,682",64 MB RAM | 128 MB ROM,6.1 cm (2.4 inch) Display,2500 mAh Battery,2 Years Manufacturer Warranty on Device and 6 Months on Accessories,4.1,"21,020","1,479"
"REDMI 13c 5G (Startrail Silver, 128 GB)","₹10,527",4 GB RAM | 128 GB ROM,17.12 cm (6.74 inch) Display,5000 mAh Battery,1 Year,4.1,"21,020","1,479"
"POCO M6 5G (Galactic Black, 128 GB)","₹10,499",6 GB RAM | 128 GB ROM | Expandable Upto 1 TB,17.12 cm (6.74 inch) HD+ Display,5000 mAh Battery,Mediatek Dimensity 6100+ Processor,4.1,"21,020","1,479"
Nokia 105 Classic with Charger,"₹1,099",32 MB RAM | 32 MB ROM,4.5 cm (1.77 inch) Display,800 mAh Battery,SC6531E Processor,4.1,"21,020","1,479"
"realme Narzo 60 5G (Mars Orange, 128 GB)","₹15,364",8 GB RAM | 128 GB ROM,16.33 cm (6.43 inch) Display,5000 mAh Battery,Domestic 1 Year of Device & 6 Months for In-Box Accessories,4.1,"21,020","1,479"
"POCO X6 Neo 5G (Astral Black, 256 GB)","₹17,999",12 GB RAM | 256 GB ROM | Expandable Upto 1 TB,16.94 cm (6.67 inch) Full HD+ Display,5000 mAh Battery,Dimensity 6080 Processor,4.1,"21,020","1,479"
Nokia TA-1174 / TA-1299,"₹1,149",4 MB RAM | 4 MB ROM,4.57 cm (1.8 inch) Display,No care warranty,,4.1,"21,020","1,479"
"Motorola Edge 50 Pro 5G with 68W Charger (Luxe Lavender, 256 GB)","₹31,999",8 GB RAM | 256 GB ROM,17.02 cm (6.7 inch) Display,4500 mAh Battery,7 Gen 3 Mobile Platform Processor,4.1,"21,020","1,479"
"Nokia 5310 DS Keypad Mobile, FM Radio,Camera with Flash (8MB RAM)","₹3,633",8 MB RAM | 16 MB ROM | Expandable Upto 32 GB,6.1 cm (2.4 inch) Display,1200 mAh Lithium-ion Battery,MT6260A Processor,4.1,"21,020","1,479"
"Motorola g14 (Sky Blue, 128 GB)","₹8,499",4 GB RAM | 128 GB ROM | Expandable Upto 1 TB,16.51 cm (6.5 inch) Full HD+ Display,5000 mAh Battery,T616 Processor,4.1,"21,020","1,479"
"Infinix HOT 40i (Starlit Black, 256 GB)","₹9,299",8 GB RAM | 256 GB ROM | Expandable Upto 2 TB,16.76 cm (6.6 inch) HD+ Display,5000 mAh Battery,Unisoc T606 Processor,4.1,"21,020","1,479"
"Nothing Phone (2a) 5G (White, 128 GB)","₹23,999",8 GB RAM | 128 GB ROM,17.02 cm (6.7 inch) Full HD+ Display,5000 mAh Battery,Dimensity 7200 Pro Processor,4.4,"19,732","2,894"
"Infinix Note 30 5G (Interstellar Blue, 256 GB)","₹15,499",8 GB RAM | 256 GB ROM | Expandable Upto 2 TB,17.22 cm (6.78 inch) Full HD+ Display,5000 mAh Li-ion Polymer Battery,Dimensity 6080 Processor,4.4,"19,732","2,894"
"POCO X6 Pro 5G (Racing Grey, 512 GB)","₹27,499",12 GB RAM | 512 GB ROM,16.94 cm (6.67 inch) Display,5000 mAh Battery,Dimensity D8300 Ultra Processor,4.4,"19,732","2,894"
"REDMI A3 (Midnight Black, 64 GB)","₹9,999",3 GB RAM | 64 GB ROM | Expandable Upto 1 TB,17.04 cm (6.71 inch) HD+ Display,5000 mAh Battery,Mediatek Helio G36 Processor,4.4,"19,732","2,894"
"SAMSUNG Galaxy F14 5G (OMG Black, 128 GB)","₹9,490",4 GB RAM | 128 GB ROM | Expandable Upto 1 TB,16.76 cm (6.6 inch) Full HD+ Display,6000 mAh Battery,"Exynos 1330, Octa Core Processor",4.4,"19,732","2,894"
"realme Narzo N53 (Feather Black, 64 GB)","₹7,875",4 GB RAM | 64 GB ROM,17.12 cm (6.74 inch) Full HD Display,5000 mAh Battery,Domestic 1 Year on Handset and 6 Months on Accessories,4.4,"19,732","2,894"
"itel P40 Plus,Upto 8GB RAM|13MP Rear Camera|7000mAh Battery with 18W Fast Charging (Force Black, 128 G...","₹6,695",4 GB RAM | 128 GB ROM,17.27 cm (6.8 inch) Display,7000 mAh Battery,Domestic Warranty 1 Year For Handset And 6 Months For Accessories.,4.4,"19,732","2,894"
"realme 12 Pro 5G (Navigator Beige, 128 GB)","₹24,999",8 GB RAM | 128 GB ROM,17.02 cm (6.7 inch) Full HD+ Display,5000 mAh Battery,Snapdragon 6 Gen 1 Processor,4.4,"19,732","2,894"
Nokia 105,"₹1,313",4 MB RAM | 4 MB ROM,4.57 cm (1.8 inch) Display,1000 mAh Battery,one year brand waranty,4.4,"19,732","2,894"
"IQOO Z6 Lite 5G (With Charger) (Stellar Green, 128 GB)","₹12,630",6 GB RAM | 128 GB ROM,16.97 cm (6.68 inch) Display,5000 mAh Battery,1 Year,4.4,"19,732","2,894"
"Infinix Note 30 5G (Sunset Gold, 256 GB)","₹15,499",8 GB RAM | 256 GB ROM | Expandable Upto 2 TB,17.22 cm (6.78 inch) Full HD+ Display,5000 mAh Li-ion Polymer Battery,Dimensity 6080 Processor,4.4,"19,732","2,894"
"realme 12 Pro 5G (Submarine Blue, 256 GB)","₹26,999",12 GB RAM | 256 GB ROM,17.02 cm (6.7 inch) Full HD+ Display,5000 mAh Battery,Snapdragon 6 Gen 1 Processor,4.4,"19,732","2,894"
"Infinix Note 30 5G (Magic Black, 256 GB)","₹15,499",8 GB RAM | 256 GB ROM | Expandable Upto 2 TB,17.22 cm (6.78 inch) Full HD+ Display,5000 mAh Li-ion Polymer Battery,Dimensity 6080 Processor,4.4,"19,732","2,894"
"SAMSUNG Galaxy S22 5G (Phantom Black, 128 GB)","₹36,999",8 GB RAM | 128 GB ROM,15.49 cm (6.1 inch) Full HD+ Display,3700 mAh Lithium-ion Battery,Snapdragon 8 Gen 1 Processor,4.4,"19,732","2,894"
"OnePlus 11R 5G (Sonic Black, 128 GB)","₹32,790",8 GB RAM | 128 GB ROM,17.02 cm (6.7 inch) Display,5000 mAh Battery,Domestic warranty of 12 months on phone & 6 months on accessories,4.4,"19,732","2,894"
Kechaoda A27,₹970,32 MB RAM | 32 MB ROM | Expandable Upto 16 GB,1.68 cm (0.66 inch) FWVGA+ Display,NO WARRANTY,,4.4,"19,732","2,894"
"OnePlus 11R 5G (Galactic Silver, 128 GB)","₹32,780",8 GB RAM | 128 GB ROM,17.02 cm (6.7 inch) Display,5000 mAh Battery,Domestic warranty of 12 months on phone & 6 months on accessories,4.4,"19,732","2,894"
"Motorola Edge 50 Pro 5G with 68W Charger (Luxe Lavender, 256 GB)","₹31,999",8 GB RAM | 256 GB ROM,17.02 cm (6.7 inch) Display,4500 mAh Battery,7 Gen 3 Mobile Platform Processor,4.4,"19,732","2,894"
"realme 12 Pro 5G (Navigator Beige, 256 GB)","₹26,999",8 GB RAM | 256 GB ROM,17.02 cm (6.7 inch) Full HD+ Display,5000 mAh Battery,Snapdragon 6 Gen 1 Processor,4.4,"19,732","2,894"
"OnePlus Nord 3 5G (Tempest Gray, 128 GB)","₹23,180",8 GB RAM | 128 GB ROM,17.12 cm (6.74 inch) Full HD+ Display,5000 mAh Battery,Domestic 1 Year of Device & 6 Months for In-Box Accessories,4.4,"19,732","2,894"
"OnePlus Nord 3 5G (Misty Green, 128 GB)","₹23,354",8 GB RAM | 128 GB ROM,17.12 cm (6.74 inch) Display,5000 mAh Battery,Domestic 1 Year of Device & 6 Months for In-Box Accessories,4.4,"19,732","2,894"
"POCO X6 Neo 5G (Astral Black, 256 GB)","₹17,999",12 GB RAM | 256 GB ROM | Expandable Upto 1 TB,16.94 cm (6.67 inch) Full HD+ Display,5000 mAh Battery,Dimensity 6080 Processor,4.4,"19,732","2,894"
Micromax J3,₹840,32 MB RAM | 32 MB ROM,4.5 cm (1.77 inch) Display,1 Year Manufacturer Warranty on Product and 6 Month on Box Accessories,,4.4,"19,732","2,894"
"REDMI Note 12 (Sunrise Gold, 128 GB)","₹12,499",6 GB RAM | 128 GB ROM | Expandable Upto 1 TB,16.94 cm (6.67 inch) Full HD+ Super AMOLED Display,5000 mAh Battery,Snapdragon 685 Processor,4.4,"19,732","2,894"
"realme P1 5G (Phoenix Red, 128 GB)","₹15,999",6 GB RAM | 128 GB ROM | Expandable Upto 2 TB,16.94 cm (6.67 inch) Full HD+ Display,5000 mAh Battery,Dimensity 7050 Processor,4.4,583,76
"vivo T3x 5G (Celestial Green, 128 GB)","₹13,499",4 GB RAM | 128 GB ROM | Expandable Upto 1 TB,17.07 cm (6.72 inch) Full HD+ Display,6000 mAh Battery,6 Gen 1 Processor,4.4,583,76
"SAMSUNG Galaxy S22 5G (Phantom Black, 128 GB)","₹36,999",8 GB RAM | 128 GB ROM,15.49 cm (6.1 inch) Full HD+ Display,3700 mAh Lithium-ion Battery,Snapdragon 8 Gen 1 Processor,4.4,583,76
"Motorola Edge 50 Pro 5G with 68W Charger (Luxe Lavender, 256 GB)","₹31,999",8 GB RAM | 256 GB ROM,17.02 cm (6.7 inch) Display,4500 mAh Battery,7 Gen 3 Mobile Platform Processor,4.4,583,76
"OnePlus 11R 5G (Sonic Black, 128 GB)","₹32,790",8 GB RAM | 128 GB ROM,17.02 cm (6.7 inch) Display,5000 mAh Battery,Domestic warranty of 12 months on phone & 6 months on accessories,4.4,583,76
"OnePlus 11R 5G (Galactic Silver, 128 GB)","₹32,780",8 GB RAM | 128 GB ROM,17.02 cm (6.7 inch) Display,5000 mAh Battery,Domestic warranty of 12 months on phone & 6 months on accessories,4.4,583,76
"realme P1 Pro 5G (Phoenix Red, 256 GB)","₹22,999",8 GB RAM | 256 GB ROM,17.02 cm (6.7 inch) Full HD+ Display,5000 mAh Battery,6 Gen 1 Processor,4.4,583,76
"Nothing Phone (2a) 5G (White, 128 GB)","₹23,999",8 GB RAM | 128 GB ROM,17.02 cm (6.7 inch) Full HD+ Display,5000 mAh Battery,Dimensity 7200 Pro Processor,4.4,583,76
Kechaoda A27,₹970,32 MB RAM | 32 MB ROM | Expandable Upto 16 GB,1.68 cm (0.66 inch) FWVGA+ Display,NO WARRANTY,,4.4,583,76
"realme 12 Pro 5G (Navigator Beige, 256 GB)","₹26,999",8 GB RAM | 256 GB ROM,17.02 cm (6.7 inch) Full HD+ Display,5000 mAh Battery,Snapdragon 6 Gen 1 Processor,4.4,583,76
"OnePlus Nord 3 5G (Tempest Gray, 128 GB)","₹23,180",8 GB RAM | 128 GB ROM,17.12 cm (6.74 inch) Full HD+ Display,5000 mAh Battery,Domestic 1 Year of Device & 6 Months for In-Box Accessories,4.4,583,76
"OnePlus Nord 3 5G (Misty Green, 128 GB)","₹23,354",8 GB RAM | 128 GB ROM,17.12 cm (6.74 inch) Display,5000 mAh Battery,Domestic 1 Year of Device & 6 Months for In-Box Accessories,4.4,583,76
"POCO X6 Neo 5G (Astral Black, 256 GB)","₹17,999",12 GB RAM | 256 GB ROM | Expandable Upto 1 TB,16.94 cm (6.67 inch) Full HD+ Display,5000 mAh Battery,Dimensity 6080 Processor,4.4,583,76
Micromax J3,₹840,32 MB RAM | 32 MB ROM,4.5 cm (1.77 inch) Display,1 Year Manufacturer Warranty on Product and 6 Month on Box Accessories,,4.4,583,76
"REDMI Note 12 (Sunrise Gold, 128 GB)","₹12,499",6 GB RAM | 128 GB ROM | Expandable Upto 1 TB,16.94 cm (6.67 inch) Full HD+ Super AMOLED Display,5000 mAh Battery,Snapdragon 685 Processor,4.4,583,76
"REDMI Note 13 5G (Stealth Black, 256 GB)","₹19,046",8 GB RAM | 256 GB ROM,16.94 cm (6.67 inch) Display,5000 mAh Battery,1 Year Brand Warranty,4.4,583,76
"POCO X6 Neo 5G (Martian Orange, 256 GB)","₹17,999",12 GB RAM | 256 GB ROM | Expandable Upto 1 TB,16.94 cm (6.67 inch) Full HD+ Display,5000 mAh Battery,Dimensity 6080 Processor,4.4,583,76
Kechaoda A26,₹939,32 MB RAM | 32 MB ROM | Expandable Upto 16 GB,1.68 cm (0.66 inch) QVGA Display,800 mAh Battery,NA Processor,4.4,583,76
"realme 12 Pro 5G (Submarine Blue, 256 GB)","₹26,999",8 GB RAM | 256 GB ROM,17.02 cm (6.7 inch) Full HD+ Display,5000 mAh Battery,Snapdragon 6 Gen 1 Processor,4.4,583,76
"realme 12 Pro 5G (Submarine Blue, 128 GB)","₹24,999",8 GB RAM | 128 GB ROM,17.02 cm (6.7 inch) Full HD+ Display,5000 mAh Battery,Snapdragon 6 Gen 1 Processor,4.4,583,76
Kechaoda A26,₹968,32 MB RAM | 32 MB ROM | Expandable Upto 16 GB,1.68 cm (0.66 inch) Display,NO WARRANTY,,4.4,583,76
"realme 12+ 5G (Pioneer Green, 256 GB)","₹21,999",8 GB RAM | 256 GB ROM | Expandable Upto 2 TB,16.94 cm (6.67 inch) Full HD+ Display,5000 mAh Battery,Dimensity 7050 Processor,4.4,583,76
"REDMI 12 5G (Pastel Blue, 256 GB)","₹14,702",8 GB RAM | 256 GB ROM | Expandable Upto 1 TB,17.25 cm (6.79 inch) Full HD+ Display,5000 mAh Battery,Snapdragon 4 Gen 2 Processor,4.4,583,76
"REDMI 12 (Moonstone Silver, 128 GB)","₹9,499",4 GB RAM | 128 GB ROM | Expandable Upto 1 TB,17.25 cm (6.79 inch) Full HD+ Display,5000 mAh Battery,Helio G88 Processor,4.4,583,76
"REDMI 12 5G (Jade Black, 128 GB)","₹12,992",6 GB RAM | 128 GB ROM | Expandable Upto 1 TB,17.25 cm (6.79 inch) Full HD+ Display,5000 mAh Battery,Snapdragon 4 Gen 2 Processor,4.3,"17,864","1,162"
Nokia 105,"₹1,313",4 MB RAM | 4 MB ROM,4.57 cm (1.8 inch) Display,1000 mAh Battery,one year brand waranty,4.3,"17,864","1,162"
"realme P1 5G (Phoenix Red, 128 GB)","₹15,999",6 GB RAM | 128 GB ROM | Expandable Upto 2 TB,16.94 cm (6.67 inch) Full HD+ Display,5000 mAh Battery,Dimensity 7050 Processor,4.3,"17,864","1,162"
"vivo T3x 5G (Crimson Bliss, 128 GB)","₹14,999",6 GB RAM | 128 GB ROM | Expandable Upto 1 TB,17.07 cm (6.72 inch) Full HD+ Display,6000 mAh Battery,6 Gen 1 Processor,4.3,"17,864","1,162"
Kechaoda A26,₹968,32 MB RAM | 32 MB ROM | Expandable Upto 16 GB,1.68 cm (0.66 inch) Display,NO WARRANTY,,4.3,"17,864","1,162"
"REDMI Note 13 5G (Stealth Black, 256 GB)","₹20,788",12 GB RAM | 256 GB ROM,16.94 cm (6.67 inch) Display,5000 mAh Battery,1 Year Brand Warranty,4.3,"17,864","1,162"
"realme P1 Pro 5G (Phoenix Red, 256 GB)","₹22,999",8 GB RAM | 256 GB ROM,17.02 cm (6.7 inch) Full HD+ Display,5000 mAh Battery,6 Gen 1 Processor,4.3,"17,864","1,162"
"Nothing Phone (2a) 5G (White, 128 GB)","₹23,999",8 GB RAM | 128 GB ROM,17.02 cm (6.7 inch) Full HD+ Display,5000 mAh Battery,Dimensity 7200 Pro Processor,4.3,"17,864","1,162"
"POCO X6 Pro 5G (Yellow, 512 GB)","₹27,499",12 GB RAM | 512 GB ROM,16.94 cm (6.67 inch) Display,5000 mAh Battery,Dimensity D8300 Ultra Processor,4.3,"17,864","1,162"
"REDMI Note 13 5G (Arctic White, 128 GB)","₹17,729",6 GB RAM | 128 GB ROM,16.94 cm (6.67 inch) Display,5000 mAh Battery,1 Year Brand Warranty,4.3,"17,864","1,162"
"REDMI Note 13 5G (Arctic White, 256 GB)","₹21,272",12 GB RAM | 256 GB ROM,16.94 cm (6.67 inch) Display,5000 mAh Battery,1 Year Brand Warranty,4.3,"17,864","1,162"
"REDMI Note 13 5G (Arctic White, 256 GB)","₹19,135",8 GB RAM | 256 GB ROM,16.94 cm (6.67 inch) Display,5000 mAh Battery,1 Year Brand Warranty,4.3,"17,864","1,162"
Kechaoda A26,₹934,32 MB RAM | 32 MB ROM | Expandable Upto 16 GB,1.68 cm (0.66 inch) QVGA Display,800 mAh Battery,NA Processor,4.3,"17,864","1,162"
"realme 12 Pro 5G (Navigator Beige, 128 GB)","₹24,999",8 GB RAM | 128 GB ROM,17.02 cm (6.7 inch) Full HD+ Display,5000 mAh Battery,Snapdragon 6 Gen 1 Processor,4.3,"17,864","1,162"
Kechaoda K112,"₹1,575",32 MB RAM | 64 MB ROM | Expandable Upto 32 GB,6.1 cm (2.4 inch) QVGA Display,3600 mAh Battery,"MediaTek MT6261D
Number of cores: 1
GPU: - Processor",4.3,"17,864","1,162"
"Nokia 150 Dual Sim Keypad Mobile,Wireless FM radio, Bluetooth, MP3 player","₹2,249",4 MB RAM | 4 MB ROM | Expandable Upto 32 GB,6.1 cm (2.4 inch) Display,1020 mAh Lithium-ion Battery,MediaTek Processor,4.3,"17,864","1,162"
"REDMI 12 (Pastel Blue, 128 GB)","₹9,499",4 GB RAM | 128 GB ROM | Expandable Upto 1 TB,17.25 cm (6.79 inch) Full HD+ Display,5000 mAh Battery,Helio G88 Processor,4.3,"17,864","1,162"
"POCO X6 Neo 5G (Astral Black, 128 GB)","₹15,999",8 GB RAM | 128 GB ROM | Expandable Upto 1 TB,16.94 cm (6.67 inch) Full HD+ Display,5000 mAh Battery,Dimensity 6080 Processor,4.3,"17,864","1,162"
"REDMI A3 (Midnight Black, 64 GB)","₹7,289",3 GB RAM | 64 GB ROM | Expandable Upto 1 TB,17.04 cm (6.71 inch) HD+ Display,5000 mAh Battery,Mediatek Helio G36 Processor,4.3,"17,864","1,162"
"itel P40 Plus,Upto 8GB RAM|13MP Rear Camera|7000mAh Battery with 18W Fast Charging (Force Black, 128 G...","₹6,695",4 GB RAM | 128 GB ROM,17.27 cm (6.8 inch) Display,7000 mAh Battery,Domestic Warranty 1 Year For Handset And 6 Months For Accessories.,4.3,"17,864","1,162"
"SAMSUNG Galaxy F34 5G (Mystic Green, 128 GB)","₹14,999",6 GB RAM | 128 GB ROM | Expandable Upto 1 TB,16.51 cm (6.5 inch) Full HD+ Display,6000 mAh Battery,Exynos 1280 Processor,4.3,"17,864","1,162"
"realme Narzo N53 (Feather Black, 64 GB)","₹7,875",4 GB RAM | 64 GB ROM,17.12 cm (6.74 inch) Full HD Display,5000 mAh Battery,Domestic 1 Year on Handset and 6 Months on Accessories,4.3,"17,864","1,162"
LAVA A3 Vibe DS Keypad Mobile| 1750 mAh Battery|Expandable Storage 32GB,"₹1,149",4 MB RAM | 32 MB ROM | Expandable Upto 32 GB,4.5 cm (1.77 inch) Display,1750 mAh Battery,1 year manufacturer Replacement for device and 6 months manufacturer warranty for in-box accessories including batteries from the date of purchase,4.3,"17,864","1,162"
"realme 12 Pro 5G (Submarine Blue, 256 GB)","₹26,999",8 GB RAM | 256 GB ROM,17.02 cm (6.7 inch) Full HD+ Display,5000 mAh Battery,Snapdragon 6 Gen 1 Processor,4.3,"17,864","1,162"
Micromax X513+,₹995,32 MB RAM | 32 MB ROM,4.5 cm (1.77 inch) Display,1750 mAh Battery,1 Year Manufacturer Warranty on Product,3.7,"3,951",259
"realme 12 Pro 5G (Navigator Beige, 256 GB)","₹26,999",8 GB RAM | 256 GB ROM,17.02 cm (6.7 inch) Full HD+ Display,5000 mAh Battery,Snapdragon 6 Gen 1 Processor,3.7,"3,951",259
"realme P1 5G (Phoenix Red, 128 GB)","₹15,999",6 GB RAM | 128 GB ROM | Expandable Upto 2 TB,16.94 cm (6.67 inch) Full HD+ Display,5000 mAh Battery,Dimensity 7050 Processor,3.7,"3,951",259
"vivo T3x 5G (Crimson Bliss, 128 GB)","₹14,999",6 GB RAM | 128 GB ROM | Expandable Upto 1 TB,17.07 cm (6.72 inch) Full HD+ Display,6000 mAh Battery,6 Gen 1 Processor,3.7,"3,951",259
"Samsung Galaxy S21 FE 5G with Snapdragon 888 (Olive, 128 GB)","₹29,999",8 GB RAM | 128 GB ROM,16.26 cm (6.4 inch) Full HD+ Display,4500 mAh Lithium-ion Battery,Snapdragon 888 Processor,3.7,"3,951",259
"SAMSUNG Galaxy F14 5G (B.A.E. Purple, 128 GB)","₹9,490",4 GB RAM | 128 GB ROM | Expandable Upto 1 TB,16.76 cm (6.6 inch) Full HD+ Display,6000 mAh Battery,"Exynos 1330, Octa Core Processor",3.7,"3,951",259
"Samsung Galaxy S21 FE 5G with Snapdragon 888 (Graphite, 128 GB)","₹29,999",8 GB RAM | 128 GB ROM,16.26 cm (6.4 inch) Full HD+ Display,4500 mAh Lithium-ion Battery,Snapdragon 888 Processor,3.7,"3,951",259
Kechaoda K55,"₹1,180",32 MB RAM | 64 MB ROM | Expandable Upto 32 GB,4.57 cm (1.8 inch) QVGA Display,400 mAh Battery,NA Processor,3.7,"3,951",259
"realme P1 Pro 5G (Phoenix Red, 256 GB)","₹22,999",8 GB RAM | 256 GB ROM,17.02 cm (6.7 inch) Full HD+ Display,5000 mAh Battery,6 Gen 1 Processor,3.7,"3,951",259
"Nothing Phone (2a) 5G (White, 128 GB)","₹23,999",8 GB RAM | 128 GB ROM,17.02 cm (6.7 inch) Full HD+ Display,5000 mAh Battery,Dimensity 7200 Pro Processor,3.7,"3,951",259
"REDMI A2 (Aqua Blue, 64 GB)","₹5,299",2 GB RAM | 64 GB ROM | Expandable Upto 1 TB,16.56 cm (6.52 inch) HD+ Display,5000 mAh Battery,Helio G36 Processor,3.7,"3,951",259
"realme Narzo N53 (Feather Black, 128 GB)","₹10,290",6 GB RAM | 128 GB ROM,17.12 cm (6.74 inch) Display,5000 mAh Battery,Domestic 1 Year on Handset and 6 Months on Accessories,3.7,"3,951",259
"POCO X6 Pro 5G (Racing Grey, 512 GB)","₹27,499",12 GB RAM | 512 GB ROM,16.94 cm (6.67 inch) Display,5000 mAh Battery,Dimensity D8300 Ultra Processor,3.7,"3,951",259
"IQOO Z7s 5G (Pacific Night, 128 GB)","₹17,999",8 GB RAM | 128 GB ROM,16.21 cm (6.38 inch) Display,4500 mAh Battery,Domestic 1 Year on Handset and 6 Months on Accessories,3.7,"3,951",259
"IQOO Z7s 5G (?Pacific Night, 128 GB)","₹15,830",6 GB RAM | 128 GB ROM,16.21 cm (6.38 inch) Display,4500 mAh Battery,Domestic 1 Year on Handset and 6 Months on Accessories,3.7,"3,951",259
"IQOO Z7s 5G (Norway Blue, 128 GB)","₹15,657",6 GB RAM | 128 GB ROM,16.21 cm (6.38 inch) Display,4500 mAh Battery,Domestic 1 Year on Handset and 6 Months on Accessories,3.7,"3,951",259
"SAMSUNG Galaxy S22 5G (Phantom Black, 128 GB)","₹36,999",8 GB RAM | 128 GB ROM,15.49 cm (6.1 inch) Full HD+ Display,3700 mAh Lithium-ion Battery,Snapdragon 8 Gen 1 Processor,3.7,"3,951",259
"realme 12+ 5G (Pioneer Green, 256 GB)","₹21,999",8 GB RAM | 256 GB ROM | Expandable Upto 2 TB,16.94 cm (6.67 inch) Full HD+ Display,5000 mAh Battery,Dimensity 7050 Processor,3.7,"3,951",259
"realme 12+ 5G (Pioneer Green, 128 GB)","₹20,999",8 GB RAM | 128 GB ROM | Expandable Upto 2 TB,16.94 cm (6.67 inch) Full HD+ Display,5000 mAh Battery,Dimensity 7050 Processor,3.7,"3,951",259
"Nokia 150 Dual Sim Keypad Phone, Rear Camera, Long Lasting Battery Life and FM Radio","₹2,761",4 MB RAM | 4 MB ROM,6.1 cm (2.4 inch) Display,1450 mAh Battery,6261D Processor,3.7,"3,951",259
"IQOO Z7S 5G (Norway Blue, 128 GB)","₹17,149",8 GB RAM | 128 GB ROM,16.26 cm (6.4 inch) Display,4500 mAh Battery,"1 Year for  handset ,6 months for accessories",3.7,"3,951",259
"IQOO Z7S 5G (Pacific Night, 128 GB)","₹17,279",8 GB RAM | 128 GB ROM,16.26 cm (6.4 inch) Display,4500 mAh Battery,"1 Year for  handset ,6 months for accessories",3.7,"3,951",259
"realme Narzo N53 (Feather Gold, 128 GB)","₹9,178",8 GB RAM | 128 GB ROM,17.12 cm (6.74 inch) HD+ Display,5000 mAh Battery,"Android 13, Realme UI T Processor",3.7,"3,951",259
KARBONN k9 jumbo,"₹1,375",16 GB RAM | 16 GB ROM | Expandable Upto 32 GB,6.1 cm (2.4 inch) FWVGA+ Display,1800 mAh Battery,NA Processor,3.7,"3,951",259
"realme 12 Pro+ 5G (Navigator Beige, 256 GB)","₹31,999",8 GB RAM | 256 GB ROM,17.02 cm (6.7 inch) Full HD+ Display,5000 mAh Battery,Snapdragon 7s Gen 2 Processor,4.5,"9,285","1,564"
SAMSUNG GURU GT,"₹1,499",153 MB RAM | 153 MB ROM,3.81 cm (1.5 inch) Display,1 Year Manufacturer Warranty,,4.5,"9,285","1,564"
"REDMI Note 13 5G (Arctic White, 256 GB)","₹19,999",8 GB RAM | 256 GB ROM | Expandable Upto 1 TB,16.94 cm (6.67 inch) Full HD+ Display,5000 mAh Battery,Dimensity 6080 Processor,4.5,"9,285","1,564"
"realme 12 Pro 5G (Navigator Beige, 256 GB)","₹26,999",12 GB RAM | 256 GB ROM,17.02 cm (6.7 inch) Full HD+ Display,5000 mAh Battery,Snapdragon 6 Gen 1 Processor,4.5,"9,285","1,564"
"POCO C61 (Diamond Dust Black, 128 GB)","₹7,499",6 GB RAM | 128 GB ROM | Expandable Upto 1 TB,17.04 cm (6.71 inch) HD+ Display,5000 mAh Battery,Helio G36 Processor,4.5,"9,285","1,564"
"POCO X6 Pro 5G (Spectre Black, 256 GB)","₹25,499",8 GB RAM | 256 GB ROM,16.94 cm (6.67 inch) Display,5000 mAh Battery,Dimensity D8300 Ultra Processor,4.5,"9,285","1,564"
Nokia 105 Classic with Charger,"₹1,099",32 MB RAM | 32 MB ROM,4.5 cm (1.77 inch) Display,800 mAh Battery,SC6531E Processor,4.5,"9,285","1,564"
"realme 12 Pro+ 5G (Navigator Beige, 256 GB)","₹33,999",12 GB RAM | 256 GB ROM,17.02 cm (6.7 inch) Full HD+ Display,5000 mAh Battery,Snapdragon 7s Gen 2 Processor,4.5,"9,285","1,564"
"Nokia 105 Single SIM, Keypad Mobile Phone with Wireless FM Radio","₹1,234",32 MB RAM | 32 MB ROM,4.5 cm (1.77 inch) Display,1000 mAh Battery,SC6531E Processor,4.5,"9,285","1,564"
"realme 12+ 5G (Navigator Beige, 256 GB)","₹21,999",8 GB RAM | 256 GB ROM | Expandable Upto 2 TB,16.94 cm (6.67 inch) Full HD+ Display,5000 mAh Battery,Dimensity 7050 Processor,4.5,"9,285","1,564"
"REDMI Note 13 5G (Prism Gold, 128 GB)","₹17,999",6 GB RAM | 128 GB ROM | Expandable Upto 1 TB,16.94 cm (6.67 inch) Full HD+ Display,5000 mAh Battery,Dimensity 6080 Processor,4.5,"9,285","1,564"
itel MagicX 4G| 1200 mAh battery| Expanadable Storage upto 64GB,"₹1,398",48 MB RAM | 128 MB ROM,6.1 cm (2.4 inch) Display,1200 mAh Battery,12+1 Month Warranty | 111 Days Replacement Offer (Special Offer),4.5,"9,285","1,564"
itel it5027,"₹1,165",4 MB RAM | 4 MB ROM | Expandable Upto 32 GB,6.1 cm (2.4 inch) NA Display,1200 mAh Battery,NA Processor,4.5,"9,285","1,564"
"Motorola G32 (Rose Gold, 128 GB)","₹9,999",8 GB RAM | 128 GB ROM,16.51 cm (6.5 inch) Full HD+ Display,5000 mAh Lithium Polymer Battery,Qualcomm Snapdragon 680 Processor,4.5,"9,285","1,564"
"realme 12 Pro+ 5G (Submarine Blue, 256 GB)","₹31,999",8 GB RAM | 256 GB ROM,17.02 cm (6.7 inch) Full HD+ Display,5000 mAh Battery,Snapdragon 7s Gen 2 Processor,4.5,"9,285","1,564"
"realme 12 Pro+ 5G (Explorer Red, 256 GB)","₹31,999",8 GB RAM | 256 GB ROM,17.02 cm (6.7 inch) Full HD+ Display,5000 mAh Battery,Snapdragon 7s Gen 2 Processor,4.5,"9,285","1,564"
"realme 12 Pro+ 5G (Explorer Red, 256 GB)","₹33,999",12 GB RAM | 256 GB ROM,17.02 cm (6.7 inch) Full HD+ Display,5000 mAh Battery,Snapdragon 7s Gen 2 Processor,4.5,"9,285","1,564"
"realme 12 Pro+ 5G (Submarine Blue, 256 GB)","₹33,999",12 GB RAM | 256 GB ROM,17.02 cm (6.7 inch) Full HD+ Display,5000 mAh Battery,Snapdragon 7s Gen 2 Processor,4.5,"9,285","1,564"
itel it5027,"₹1,167",4 MB RAM | 4 MB ROM | Expandable Upto 32 GB,6.1 cm (2.4 inch) NA Display,1200 mAh Battery,NA Processor,4.5,"9,285","1,564"
"realme Narzo N53 (Feather Black, 128 GB)","₹10,290",6 GB RAM | 128 GB ROM,17.12 cm (6.74 inch) Display,5000 mAh Battery,Domestic 1 Year on Handset and 6 Months on Accessories,4.5,"9,285","1,564"
Nokia 150,"₹2,399",4 MB RAM | 4 MB ROM,6.1 cm (2.4 inch) Display,1450 mAh Battery,6261D Processor,4.5,"9,285","1,564"
"itel A70 | 5000 mAh Battery |13MP Dual Rear Camera | Type C Charging (Starlish Black, 64 GB)","₹6,339",4 GB RAM | 64 GB ROM,16.66 cm (6.56 inch) Display,5000 mAh Battery,1 year manufacturer Warranty,4.5,"9,285","1,564"
"itel A70 | 5000 mAh Battery |13MP Dual Rear Camera | Type C Charging (Field Green, 64 GB)","₹6,380",4 GB RAM | 64 GB ROM,16.66 cm (6.56 inch) Display,5000 mAh Battery,1 year manufacturer Warranty,4.5,"9,285","1,564"
"realme 12 Pro+ 5G (Submarine Blue, 128 GB)","₹29,999",8 GB RAM | 128 GB ROM,17.02 cm (6.7 inch) Full HD+ Display,5000 mAh Battery,Snapdragon 7s Gen 2 Processor,4.5,"9,285","1,564"
"realme P1 5G (Phoenix Red, 128 GB)","₹15,999",6 GB RAM | 128 GB ROM | Expandable Upto 2 TB,16.94 cm (6.67 inch) Full HD+ Display,5000 mAh Battery,Dimensity 7050 Processor,4.4,583,76
"vivo T3x 5G (Crimson Bliss, 128 GB)","₹14,999",6 GB RAM | 128 GB ROM | Expandable Upto 1 TB,17.07 cm (6.72 inch) Full HD+ Display,6000 mAh Battery,6 Gen 1 Processor,4.4,583,76
"realme 12 Pro+ 5G (Submarine Blue, 256 GB)","₹33,999",12 GB RAM | 256 GB ROM,17.02 cm (6.7 inch) Full HD+ Display,5000 mAh Battery,Snapdragon 7s Gen 2 Processor,4.4,583,76
"realme 12 Pro+ 5G (Submarine Blue, 128 GB)","₹29,999",8 GB RAM | 128 GB ROM,17.02 cm (6.7 inch) Full HD+ Display,5000 mAh Battery,Snapdragon 7s Gen 2 Processor,4.4,583,76
"realme P1 Pro 5G (Phoenix Red, 256 GB)","₹22,999",8 GB RAM | 256 GB ROM,17.02 cm (6.7 inch) Full HD+ Display,5000 mAh Battery,6 Gen 1 Processor,4.4,583,76
"Nothing Phone (2a) 5G (White, 128 GB)","₹23,999",8 GB RAM | 128 GB ROM,17.02 cm (6.7 inch) Full HD+ Display,5000 mAh Battery,Dimensity 7200 Pro Processor,4.4,583,76
"realme 12 Pro+ 5G (Explorer Red, 256 GB)","₹33,999",12 GB RAM | 256 GB ROM,17.02 cm (6.7 inch) Full HD+ Display,5000 mAh Battery,Snapdragon 7s Gen 2 Processor,4.4,583,76
Kechaoda K66 The Music House 4,"₹1,185",32 MB RAM | 64 MB ROM | Expandable Upto 32 GB,3.66 cm (1.44 inch) QVGA Display,400 mAh Battery,NA Processor,4.4,583,76
Snexian GURU 2163,₹565,32 MB RAM | 32 MB ROM,4.57 cm (1.8 inch) NA Display,1000 mAh Battery,1 Year Warranty,4.4,583,76
"POCO X6 5G (Mirror Black, 256 GB)","₹19,999",8 GB RAM | 256 GB ROM,16.94 cm (6.67 inch) Display,5100 mAh Battery,7s Gen 2 Mobile Platform 5G Processor,4.4,583,76
"SAMSUNG Galaxy M14 5G (Berry Blue, 128 GB)","₹12,245",6 GB RAM | 128 GB ROM,16.76 cm (6.6 inch) Display,6000 mAh Battery,1 year for handset and 6 month for accessories,4.4,583,76
Kechaoda K115,"₹1,060",32 MB RAM | 32 MB ROM | Expandable Upto 32 GB,3.66 cm (1.44 inch) QVGA Display,850 mAh Battery,NA Processor,4.4,583,76
"REDMI 12 5G (Jade Black, 256 GB)","₹14,999",8 GB RAM | 256 GB ROM | Expandable Upto 1 TB,17.25 cm (6.79 inch) Full HD+ Display,5000 mAh Battery,Snapdragon 4 Gen 2 Processor,4.4,583,76
itel MagicX 4G| 1200 mAh battery| Expanadable Storage upto 64GB,"₹1,398",48 MB RAM | 128 MB ROM,6.1 cm (2.4 inch) Display,1200 mAh Battery,12+1 Month Warranty | 111 Days Replacement Offer (Special Offer),4.4,583,76
"POCO X6 5G (Snowstorm White, 256 GB)","₹19,999",8 GB RAM | 256 GB ROM,16.94 cm (6.67 inch) Display,5100 mAh Battery,7s Gen 2 Mobile Platform 5G Processor,4.4,583,76
Kechaoda K113,"₹1,240",32 MB RAM | 64 MB ROM | Expandable Upto 32 GB,7.11 cm (2.8 inch) QVGA Display,3000 mAh Battery,1 Year Manufacturer Warranty,4.4,583,76
Kechaoda K200,₹995,32 MB RAM | 32 MB ROM,3.3 cm (1.3 inch) Display,400 mAh Battery,1 Year Company Domestic Warranty by Company Authorized Service Center.,4.4,583,76
"REDMI Note 13 5G (Prism Gold, 128 GB)","₹17,999",6 GB RAM | 128 GB ROM | Expandable Upto 1 TB,16.94 cm (6.67 inch) Full HD+ Display,5000 mAh Battery,Dimensity 6080 Processor,4.4,583,76
"itel A70 | 5000 mAh Battery |13MP Dual Rear Camera | Type C Charging (Starlish Black, 64 GB)","₹6,339",4 GB RAM | 64 GB ROM,16.66 cm (6.56 inch) Display,5000 mAh Battery,1 year manufacturer Warranty,4.4,583,76
"itel A70 | 5000 mAh Battery |13MP Dual Rear Camera | Type C Charging (Field Green, 64 GB)","₹6,380",4 GB RAM | 64 GB ROM,16.66 cm (6.56 inch) Display,5000 mAh Battery,1 year manufacturer Warranty,4.4,583,76
"IQOO Z6 Lite 5G (With Charger) (Stellar Green, 128 GB)","₹12,531",6 GB RAM | 128 GB ROM,16.97 cm (6.68 inch) Display,5000 mAh Battery,1 Year,4.4,583,76
"realme 12x 5G (Twilight Purple, 128 GB)","₹11,999",4 GB RAM | 128 GB ROM | Expandable Upto 2 TB,17.07 cm (6.72 inch) Full HD+ Display,5000 mAh Battery,Dimensity 6100+ Processor,4.4,583,76
"SAMSUNG Galaxy M14 5G (Smoky Teal, 128 GB)","₹11,877",4 GB RAM | 128 GB ROM,16.76 cm (6.6 inch) Display,6000 mAh Battery,1 year for handset and 6 month for accessories,4.4,583,76
"realme 12 Pro 5G (Navigator Beige, 256 GB)","₹26,999",12 GB RAM | 256 GB ROM,17.02 cm (6.7 inch) Full HD+ Display,5000 mAh Battery,Snapdragon 6 Gen 1 Processor,4.4,583,76
